_id,courseCode,courseName,date,endTime,location,startTime,type,username
ObjectId("5e7220d8ff225e9a06fe8d64"),CZ2003, COMPUTER GRAPHICS & VISUALISATION ,Fri Jan 24 2020,1230,TR+17,1130,TUT,N1902368K
ObjectId("5e7220d8ff225e9a06fe8d6c"),CZ2003, COMPUTER GRAPHICS & VISUALISATION ,Fri Jan 31 2020,1230,TR+17,1130,TUT,N1902368K
ObjectId("5e7220d8ff225e9a06fe8d6d"),CZ2003, COMPUTER GRAPHICS & VISUALISATION ,Fri Feb 07 2020,1230,TR+17,1130,TUT,N1902368K
ObjectId("5e7220d8ff225e9a06fe8d72"),CZ2003, COMPUTER GRAPHICS & VISUALISATION ,Fri Feb 14 2020,1230,TR+17,1130,TUT,N1902368K
ObjectId("5e7220d8ff225e9a06fe8d73"),CZ2003, COMPUTER GRAPHICS & VISUALISATION ,Fri Feb 21 2020,1230,TR+17,1130,TUT,N1902368K
ObjectId("5e7220d8ff225e9a06fe8d74"),CZ2003, COMPUTER GRAPHICS & VISUALISATION ,Fri Feb 28 2020,1230,TR+17,1130,TUT,N1902368K
ObjectId("5e7220d8ff225e9a06fe8d78"),CZ2003, COMPUTER GRAPHICS & VISUALISATION ,Fri Mar 13 2020,1230,TR+17,1130,TUT,N1902368K
ObjectId("5e7220d8ff225e9a06fe8d79"),CZ2003, COMPUTER GRAPHICS & VISUALISATION ,Fri Mar 20 2020,1230,TR+17,1130,TUT,N1902368K
ObjectId("5e7220d8ff225e9a06fe8d7c"),CZ2003, COMPUTER GRAPHICS & VISUALISATION ,Fri Mar 27 2020,1230,TR+17,1130,TUT,N1902368K
ObjectId("5e7220d8ff225e9a06fe8d7d"),CZ2003, COMPUTER GRAPHICS & VISUALISATION ,Fri Apr 03 2020,1230,TR+17,1130,TUT,N1902368K
ObjectId("5e7220d8ff225e9a06fe8d81"),CZ2003, COMPUTER GRAPHICS & VISUALISATION ,Fri Apr 10 2020,1230,TR+17,1130,TUT,N1902368K
ObjectId("5e7220d8ff225e9a06fe8d83"),CZ2003, COMPUTER GRAPHICS & VISUALISATION ,Fri Apr 17 2020,1230,TR+17,1130,TUT,N1902368K
ObjectId("5e7220d8ff225e9a06fe8d85"),CZ2003, COMPUTER GRAPHICS & VISUALISATION ,Wed Jan 15 2020,1030,SWLAB1,0830,LAB,N1902368K
ObjectId("5e7220d8ff225e9a06fe8d88"),CZ2003, COMPUTER GRAPHICS & VISUALISATION ,Wed Jan 29 2020,1030,SWLAB1,0830,LAB,N1902368K
ObjectId("5e7220d8ff225e9a06fe8d89"),CZ2003, COMPUTER GRAPHICS & VISUALISATION ,Wed Feb 12 2020,1030,SWLAB1,0830,LAB,N1902368K
ObjectId("5e7220d8ff225e9a06fe8d8c"),CZ2003, COMPUTER GRAPHICS & VISUALISATION ,Wed Feb 26 2020,1030,SWLAB1,0830,LAB,N1902368K
ObjectId("5e7220d8ff225e9a06fe8d8e"),CZ2003, COMPUTER GRAPHICS & VISUALISATION ,Wed Apr 01 2020,1030,SWLAB1,0830,LAB,N1902368K
ObjectId("5e7220d8ff225e9a06fe8d90"),CZ2003, COMPUTER GRAPHICS & VISUALISATION ,Wed Mar 18 2020,1030,SWLAB1,0830,LAB,N1902368K
ObjectId("5e7220d8ff225e9a06fe8d91"),CZ2003, COMPUTER GRAPHICS & VISUALISATION ,Wed Apr 15 2020,1030,SWLAB1,0830,LAB,N1902368K
ObjectId("5e7220d8ff225e9a06fe8d93"),CZ2003, COMPUTER GRAPHICS & VISUALISATION ,Thu Jan 16 2020,1230,LT2A,1130,LEC/STUDIO,N1902368K
ObjectId("5e7220d8ff225e9a06fe8d94"),CZ2003, COMPUTER GRAPHICS & VISUALISATION ,Thu Jan 23 2020,1230,LT2A,1130,LEC/STUDIO,N1902368K
ObjectId("5e7220d8ff225e9a06fe8d96"),CZ2003, COMPUTER GRAPHICS & VISUALISATION ,Thu Jan 30 2020,1230,LT2A,1130,LEC/STUDIO,N1902368K
ObjectId("5e7220d8ff225e9a06fe8d9a"),CZ2003, COMPUTER GRAPHICS & VISUALISATION ,Thu Feb 06 2020,1230,LT2A,1130,LEC/STUDIO,N1902368K
ObjectId("5e7220d8ff225e9a06fe8d9b"),CZ2003, COMPUTER GRAPHICS & VISUALISATION ,Thu Feb 13 2020,1230,LT2A,1130,LEC/STUDIO,N1902368K
ObjectId("5e7220d8ff225e9a06fe8d9d"),CZ2003, COMPUTER GRAPHICS & VISUALISATION ,Thu Feb 20 2020,1230,LT2A,1130,LEC/STUDIO,N1902368K
ObjectId("5e7220d8ff225e9a06fe8d9e"),CZ2003, COMPUTER GRAPHICS & VISUALISATION ,Thu Feb 27 2020,1230,LT2A,1130,LEC/STUDIO,N1902368K
ObjectId("5e7220d8ff225e9a06fe8da1"),CZ2003, COMPUTER GRAPHICS & VISUALISATION ,Thu Mar 12 2020,1230,LT2A,1130,LEC/STUDIO,N1902368K
ObjectId("5e7220d8ff225e9a06fe8da2"),CZ2003, COMPUTER GRAPHICS & VISUALISATION ,Thu Mar 19 2020,1230,LT2A,1130,LEC/STUDIO,N1902368K
ObjectId("5e7220d8ff225e9a06fe8da7"),CZ2003, COMPUTER GRAPHICS & VISUALISATION ,Thu Apr 02 2020,1230,LT2A,1130,LEC/STUDIO,N1902368K
ObjectId("5e7220d8ff225e9a06fe8da8"),CZ2003, COMPUTER GRAPHICS & VISUALISATION ,Thu Mar 26 2020,1230,LT2A,1130,LEC/STUDIO,N1902368K
ObjectId("5e7220d8ff225e9a06fe8daa"),CZ2003, COMPUTER GRAPHICS & VISUALISATION ,Thu Apr 09 2020,1230,LT2A,1130,LEC/STUDIO,N1902368K
ObjectId("5e7220d8ff225e9a06fe8dab"),CZ2003, COMPUTER GRAPHICS & VISUALISATION ,Thu Apr 16 2020,1230,LT2A,1130,LEC/STUDIO,N1902368K
ObjectId("5e7220d8ff225e9a06fe8dad"),CZ2003, COMPUTER GRAPHICS & VISUALISATION ,Mon Jan 13 2020,1730,LT1,1630,LEC/STUDIO,N1902368K
ObjectId("5e7220d8ff225e9a06fe8daf"),CZ2003, COMPUTER GRAPHICS & VISUALISATION ,Mon Jan 20 2020,1730,LT1,1630,LEC/STUDIO,N1902368K
ObjectId("5e7220d8ff225e9a06fe8db0"),CZ2003, COMPUTER GRAPHICS & VISUALISATION ,Mon Jan 27 2020,1730,LT1,1630,LEC/STUDIO,N1902368K
ObjectId("5e7220d8ff225e9a06fe8db4"),CZ2003, COMPUTER GRAPHICS & VISUALISATION ,Mon Feb 03 2020,1730,LT1,1630,LEC/STUDIO,N1902368K
ObjectId("5e7220d8ff225e9a06fe8db5"),CZ2003, COMPUTER GRAPHICS & VISUALISATION ,Mon Feb 10 2020,1730,LT1,1630,LEC/STUDIO,N1902368K
ObjectId("5e7220d8ff225e9a06fe8db7"),CZ2003, COMPUTER GRAPHICS & VISUALISATION ,Mon Feb 17 2020,1730,LT1,1630,LEC/STUDIO,N1902368K
ObjectId("5e7220d8ff225e9a06fe8dbb"),CZ2003, COMPUTER GRAPHICS & VISUALISATION ,Mon Feb 24 2020,1730,LT1,1630,LEC/STUDIO,N1902368K
ObjectId("5e7220d8ff225e9a06fe8dbc"),CZ2003, COMPUTER GRAPHICS & VISUALISATION ,Mon Mar 09 2020,1730,LT1,1630,LEC/STUDIO,N1902368K
ObjectId("5e7220d8ff225e9a06fe8dbe"),CZ2003, COMPUTER GRAPHICS & VISUALISATION ,Mon Mar 16 2020,1730,LT1,1630,LEC/STUDIO,N1902368K
ObjectId("5e7220d8ff225e9a06fe8dc0"),CZ2003, COMPUTER GRAPHICS & VISUALISATION ,Mon Mar 23 2020,1730,LT1,1630,LEC/STUDIO,N1902368K
ObjectId("5e7220d8ff225e9a06fe8dc1"),CZ2003, COMPUTER GRAPHICS & VISUALISATION ,Mon Mar 30 2020,1730,LT1,1630,LEC/STUDIO,N1902368K
ObjectId("5e7220d8ff225e9a06fe8dc5"),CZ2003, COMPUTER GRAPHICS & VISUALISATION ,Mon Apr 13 2020,1730,LT1,1630,LEC/STUDIO,N1902368K
ObjectId("5e7220d8ff225e9a06fe8dc6"),CZ3002, ADVANCED SOFTWARE ENGINEERING ,Tue Jan 21 2020,1030,TR+16,0930,TUT,N1902368K
ObjectId("5e7220d8ff225e9a06fe8dc7"),CZ2003, COMPUTER GRAPHICS & VISUALISATION ,Mon Apr 06 2020,1730,LT1,1630,LEC/STUDIO,N1902368K
ObjectId("5e7220d8ff225e9a06fe8dc9"),CZ3002, ADVANCED SOFTWARE ENGINEERING ,Tue Jan 28 2020,1030,TR+16,0930,TUT,N1902368K
ObjectId("5e7220d8ff225e9a06fe8dca"),CZ3002, ADVANCED SOFTWARE ENGINEERING ,Tue Feb 04 2020,1030,TR+16,0930,TUT,N1902368K
ObjectId("5e7220d8ff225e9a06fe8dcd"),CZ3002, ADVANCED SOFTWARE ENGINEERING ,Tue Feb 11 2020,1030,TR+16,0930,TUT,N1902368K
ObjectId("5e7220d8ff225e9a06fe8dce"),CZ3002, ADVANCED SOFTWARE ENGINEERING ,Tue Feb 18 2020,1030,TR+16,0930,TUT,N1902368K
ObjectId("5e7220d8ff225e9a06fe8dd0"),CZ3002, ADVANCED SOFTWARE ENGINEERING ,Tue Feb 25 2020,1030,TR+16,0930,TUT,N1902368K
ObjectId("5e7220d8ff225e9a06fe8dd2"),CZ3002, ADVANCED SOFTWARE ENGINEERING ,Tue Mar 10 2020,1030,TR+16,0930,TUT,N1902368K
ObjectId("5e7220d8ff225e9a06fe8dd6"),CZ3002, ADVANCED SOFTWARE ENGINEERING ,Tue Mar 17 2020,1030,TR+16,0930,TUT,N1902368K
ObjectId("5e7220d8ff225e9a06fe8dd7"),CZ3002, ADVANCED SOFTWARE ENGINEERING ,Tue Mar 24 2020,1030,TR+16,0930,TUT,N1902368K
ObjectId("5e7220d8ff225e9a06fe8dd8"),CZ3002, ADVANCED SOFTWARE ENGINEERING ,Tue Mar 31 2020,1030,TR+16,0930,TUT,N1902368K
ObjectId("5e7220d8ff225e9a06fe8ddb"),CZ3002, ADVANCED SOFTWARE ENGINEERING ,Tue Apr 07 2020,1030,TR+16,0930,TUT,N1902368K
ObjectId("5e7220d8ff225e9a06fe8ddc"),CZ3002, ADVANCED SOFTWARE ENGINEERING ,Tue Apr 14 2020,1030,TR+16,0930,TUT,N1902368K
ObjectId("5e7220d8ff225e9a06fe8ddf"),CZ3002, ADVANCED SOFTWARE ENGINEERING ,Thu Jan 23 2020,1030,SWLAB3,0830,LAB,N1902368K
ObjectId("5e7220d8ff225e9a06fe8de2"),CZ3002, ADVANCED SOFTWARE ENGINEERING ,Thu Feb 20 2020,1030,SWLAB3,0830,LAB,N1902368K
ObjectId("5e7220d8ff225e9a06fe8de4"),CZ3002, ADVANCED SOFTWARE ENGINEERING ,Thu Feb 06 2020,1030,SWLAB3,0830,LAB,N1902368K
ObjectId("5e7220d8ff225e9a06fe8de5"),CZ3002, ADVANCED SOFTWARE ENGINEERING ,Thu Mar 12 2020,1030,SWLAB3,0830,LAB,N1902368K
ObjectId("5e7220d8ff225e9a06fe8de6"),CZ3002, ADVANCED SOFTWARE ENGINEERING ,Thu Mar 26 2020,1030,SWLAB3,0830,LAB,N1902368K
ObjectId("5e7220d8ff225e9a06fe8de9"),CZ3002, ADVANCED SOFTWARE ENGINEERING ,Thu Apr 09 2020,1030,SWLAB3,0830,LAB,N1902368K
ObjectId("5e7220d8ff225e9a06fe8ded"),CZ3002, ADVANCED SOFTWARE ENGINEERING ,Tue Jan 21 2020,1730,TCT-LT,1530,LEC/STUDIO,N1902368K
ObjectId("5e7220d8ff225e9a06fe8dee"),CZ3002, ADVANCED SOFTWARE ENGINEERING ,Tue Jan 14 2020,1730,TCT-LT,1530,LEC/STUDIO,N1902368K
ObjectId("5e7220d8ff225e9a06fe8def"),CZ3002, ADVANCED SOFTWARE ENGINEERING ,Tue Jan 28 2020,1730,TCT-LT,1530,LEC/STUDIO,N1902368K
ObjectId("5e7220d8ff225e9a06fe8df0"),CZ3002, ADVANCED SOFTWARE ENGINEERING ,Tue Feb 04 2020,1730,TCT-LT,1530,LEC/STUDIO,N1902368K
ObjectId("5e7220d8ff225e9a06fe8df3"),CZ3002, ADVANCED SOFTWARE ENGINEERING ,Tue Feb 11 2020,1730,TCT-LT,1530,LEC/STUDIO,N1902368K
ObjectId("5e7220d8ff225e9a06fe8df7"),CZ3002, ADVANCED SOFTWARE ENGINEERING ,Tue Feb 25 2020,1730,TCT-LT,1530,LEC/STUDIO,N1902368K
ObjectId("5e7220d8ff225e9a06fe8df8"),CZ3002, ADVANCED SOFTWARE ENGINEERING ,Tue Feb 18 2020,1730,TCT-LT,1530,LEC/STUDIO,N1902368K
ObjectId("5e7220d8ff225e9a06fe8df9"),CZ3002, ADVANCED SOFTWARE ENGINEERING ,Tue Mar 10 2020,1730,TCT-LT,1530,LEC/STUDIO,N1902368K
ObjectId("5e7220d8ff225e9a06fe8dfb"),CZ3002, ADVANCED SOFTWARE ENGINEERING ,Tue Mar 17 2020,1730,TCT-LT,1530,LEC/STUDIO,N1902368K
ObjectId("5e7220d8ff225e9a06fe8dfd"),CZ3002, ADVANCED SOFTWARE ENGINEERING ,Tue Mar 24 2020,1730,TCT-LT,1530,LEC/STUDIO,N1902368K
ObjectId("5e7220d8ff225e9a06fe8dff"),CZ3002, ADVANCED SOFTWARE ENGINEERING ,Tue Mar 31 2020,1730,TCT-LT,1530,LEC/STUDIO,N1902368K
ObjectId("5e7220d8ff225e9a06fe8e02"),CZ3002, ADVANCED SOFTWARE ENGINEERING ,Tue Apr 07 2020,1730,TCT-LT,1530,LEC/STUDIO,N1902368K
ObjectId("5e7220d8ff225e9a06fe8e03"),CZ3002, ADVANCED SOFTWARE ENGINEERING ,Tue Apr 14 2020,1730,TCT-LT,1530,LEC/STUDIO,N1902368K
ObjectId("5e7220d8ff225e9a06fe8e04"),CZ3007, COMPILER TECHNIQUES ,Tue Jan 21 2020,1130,LHN-TR+17,1030,TUT,N1902368K
ObjectId("5e7220d8ff225e9a06fe8e07"),CZ3007, COMPILER TECHNIQUES ,Tue Jan 28 2020,1130,LHN-TR+17,1030,TUT,N1902368K
ObjectId("5e7220d8ff225e9a06fe8e09"),CZ3007, COMPILER TECHNIQUES ,Tue Feb 04 2020,1130,LHN-TR+17,1030,TUT,N1902368K
ObjectId("5e7220d8ff225e9a06fe8e0a"),CZ3007, COMPILER TECHNIQUES ,Tue Feb 11 2020,1130,LHN-TR+17,1030,TUT,N1902368K
ObjectId("5e7220d8ff225e9a06fe8e0d"),CZ3007, COMPILER TECHNIQUES ,Tue Feb 18 2020,1130,LHN-TR+17,1030,TUT,N1902368K
ObjectId("5e7220d8ff225e9a06fe8e0f"),CZ3007, COMPILER TECHNIQUES ,Tue Feb 25 2020,1130,LHN-TR+17,1030,TUT,N1902368K
ObjectId("5e7220d8ff225e9a06fe8e11"),CZ3007, COMPILER TECHNIQUES ,Tue Mar 10 2020,1130,LHN-TR+17,1030,TUT,N1902368K
ObjectId("5e7220d8ff225e9a06fe8e14"),CZ3007, COMPILER TECHNIQUES ,Tue Mar 17 2020,1130,LHN-TR+17,1030,TUT,N1902368K
ObjectId("5e7220d8ff225e9a06fe8e15"),CZ3007, COMPILER TECHNIQUES ,Tue Mar 24 2020,1130,LHN-TR+17,1030,TUT,N1902368K
ObjectId("5e7220d8ff225e9a06fe8e17"),CZ3007, COMPILER TECHNIQUES ,Tue Apr 07 2020,1130,LHN-TR+17,1030,TUT,N1902368K
ObjectId("5e7220d8ff225e9a06fe8e18"),CZ3007, COMPILER TECHNIQUES ,Tue Mar 31 2020,1130,LHN-TR+17,1030,TUT,N1902368K
ObjectId("5e7220d8ff225e9a06fe8e1a"),CZ3007, COMPILER TECHNIQUES ,Tue Apr 14 2020,1130,LHN-TR+17,1030,TUT,N1902368K
ObjectId("5e7220d8ff225e9a06fe8e1e"),CZ3007, COMPILER TECHNIQUES ,Wed Jan 22 2020,1630,SWLAB3,1430,LAB,N1902368K
ObjectId("5e7220d8ff225e9a06fe8e1f"),CZ3007, COMPILER TECHNIQUES ,Wed Feb 05 2020,1630,SWLAB3,1430,LAB,N1902368K
ObjectId("5e7220d8ff225e9a06fe8e22"),CZ3007, COMPILER TECHNIQUES ,Wed Feb 19 2020,1630,SWLAB3,1430,LAB,N1902368K
ObjectId("5e7220d8ff225e9a06fe8e23"),CZ3007, COMPILER TECHNIQUES ,Wed Mar 11 2020,1630,SWLAB3,1430,LAB,N1902368K
ObjectId("5e7220d8ff225e9a06fe8e25"),CZ3007, COMPILER TECHNIQUES ,Wed Mar 25 2020,1630,SWLAB3,1430,LAB,N1902368K
ObjectId("5e7220d8ff225e9a06fe8e28"),CZ3007, COMPILER TECHNIQUES ,Wed Apr 08 2020,1630,SWLAB3,1430,LAB,N1902368K
ObjectId("5e7220d8ff225e9a06fe8e29"),CZ3007, COMPILER TECHNIQUES ,Thu Jan 16 2020,1530,LT4,1430,LEC/STUDIO,N1902368K
ObjectId("5e7220d8ff225e9a06fe8e2b"),CZ3007, COMPILER TECHNIQUES ,Thu Jan 23 2020,1530,LT4,1430,LEC/STUDIO,N1902368K
ObjectId("5e7220d8ff225e9a06fe8e2d"),CZ3007, COMPILER TECHNIQUES ,Thu Mar 12 2020,1530,LT10,1430,LEC/STUDIO,N1902368K
ObjectId("5e7220d8ff225e9a06fe8e2e"),CZ3007, COMPILER TECHNIQUES ,Thu Jan 30 2020,1530,LT4,1430,LEC/STUDIO,N1902368K
ObjectId("5e7220d8ff225e9a06fe8e32"),CZ3007, COMPILER TECHNIQUES ,Thu Mar 19 2020,1530,LT10,1430,LEC/STUDIO,N1902368K
ObjectId("5e7220d8ff225e9a06fe8e33"),CZ3007, COMPILER TECHNIQUES ,Thu Mar 26 2020,1530,LT10,1430,LEC/STUDIO,N1902368K
ObjectId("5e7220d8ff225e9a06fe8e35"),CZ3007, COMPILER TECHNIQUES ,Thu Apr 02 2020,1530,LT10,1430,LEC/STUDIO,N1902368K
ObjectId("5e7220d8ff225e9a06fe8e37"),CZ3007, COMPILER TECHNIQUES ,Thu Apr 09 2020,1530,LT10,1430,LEC/STUDIO,N1902368K
ObjectId("5e7220d8ff225e9a06fe8e38"),CZ3007, COMPILER TECHNIQUES ,Thu Apr 16 2020,1530,LT10,1430,LEC/STUDIO,N1902368K
ObjectId("5e7220d8ff225e9a06fe8e3c"),CZ3007, COMPILER TECHNIQUES ,Mon Feb 03 2020,1530,LT11,1430,LEC/STUDIO,N1902368K
ObjectId("5e7220d8ff225e9a06fe8e3d"),CZ3007, COMPILER TECHNIQUES ,Mon Feb 10 2020,1530,LT11,1430,LEC/STUDIO,N1902368K
ObjectId("5e7220d8ff225e9a06fe8e3f"),CZ3007, COMPILER TECHNIQUES ,Mon Feb 17 2020,1530,LT11,1430,LEC/STUDIO,N1902368K
ObjectId("5e7220d8ff225e9a06fe8e42"),CZ3007, COMPILER TECHNIQUES ,Mon Mar 09 2020,1530,LT11,1430,LEC/STUDIO,N1902368K
ObjectId("5e7220d8ff225e9a06fe8e43"),CZ3007, COMPILER TECHNIQUES ,Mon Feb 24 2020,1530,LT11,1430,LEC/STUDIO,N1902368K
ObjectId("5e7220d8ff225e9a06fe8e45"),CZ3007, COMPILER TECHNIQUES ,Mon Mar 16 2020,1530,LT11,1430,LEC/STUDIO,N1902368K
ObjectId("5e7220d8ff225e9a06fe8e47"),CZ3007, COMPILER TECHNIQUES ,Mon Mar 23 2020,1530,LT11,1430,LEC/STUDIO,N1902368K
ObjectId("5e7220d8ff225e9a06fe8e49"),CZ3007, COMPILER TECHNIQUES ,Mon Mar 30 2020,1530,LT11,1430,LEC/STUDIO,N1902368K
ObjectId("5e7220d8ff225e9a06fe8e4b"),CZ3007, COMPILER TECHNIQUES ,Mon Apr 06 2020,1530,LT11,1430,LEC/STUDIO,N1902368K
ObjectId("5e7220d8ff225e9a06fe8e4d"),CZ3007, COMPILER TECHNIQUES ,Mon Apr 13 2020,1530,LT11,1430,LEC/STUDIO,N1902368K
ObjectId("5e7220d8ff225e9a06fe8e51"),CZ3007, COMPILER TECHNIQUES ,Mon Jan 20 2020,1530,LT4,1430,LEC/STUDIO,N1902368K
ObjectId("5e7220d8ff225e9a06fe8e52"),CZ3007, COMPILER TECHNIQUES ,Mon Jan 13 2020,1530,LT4,1430,LEC/STUDIO,N1902368K
ObjectId("5e7220d8ff225e9a06fe8e54"),CZ4024, CRYPTOGRAPHY & NETWORK SECURITY ,Tue Jan 21 2020,1230,LT10,1130,TUT,N1902368K
ObjectId("5e7220d8ff225e9a06fe8e55"),CZ3007, COMPILER TECHNIQUES ,Mon Jan 27 2020,1530,LT4,1430,LEC/STUDIO,N1902368K
ObjectId("5e7220d8ff225e9a06fe8e56"),CZ4024, CRYPTOGRAPHY & NETWORK SECURITY ,Tue Jan 28 2020,1230,LT10,1130,TUT,N1902368K
ObjectId("5e7220d8ff225e9a06fe8e59"),CZ4024, CRYPTOGRAPHY & NETWORK SECURITY ,Tue Feb 04 2020,1230,LT10,1130,TUT,N1902368K
ObjectId("5e7220d8ff225e9a06fe8e5b"),CZ4024, CRYPTOGRAPHY & NETWORK SECURITY ,Tue Feb 11 2020,1230,LT10,1130,TUT,N1902368K
ObjectId("5e7220d8ff225e9a06fe8e5d"),CZ4024, CRYPTOGRAPHY & NETWORK SECURITY ,Tue Feb 18 2020,1230,LT10,1130,TUT,N1902368K
ObjectId("5e7220d8ff225e9a06fe8e5f"),CZ4024, CRYPTOGRAPHY & NETWORK SECURITY ,Tue Feb 25 2020,1230,LT10,1130,TUT,N1902368K
ObjectId("5e7220d8ff225e9a06fe8e61"),CZ4024, CRYPTOGRAPHY & NETWORK SECURITY ,Tue Mar 10 2020,1230,LT10,1130,TUT,N1902368K
ObjectId("5e7220d8ff225e9a06fe8e64"),CZ4024, CRYPTOGRAPHY & NETWORK SECURITY ,Tue Mar 17 2020,1230,LT10,1130,TUT,N1902368K
ObjectId("5e7220d8ff225e9a06fe8e66"),CZ4024, CRYPTOGRAPHY & NETWORK SECURITY ,Tue Mar 24 2020,1230,LT10,1130,TUT,N1902368K
ObjectId("5e7220d8ff225e9a06fe8e67"),CZ4024, CRYPTOGRAPHY & NETWORK SECURITY ,Tue Apr 07 2020,1230,LT10,1130,TUT,N1902368K
ObjectId("5e7220d8ff225e9a06fe8e68"),CZ4024, CRYPTOGRAPHY & NETWORK SECURITY ,Tue Mar 31 2020,1230,LT10,1130,TUT,N1902368K
ObjectId("5e7220d8ff225e9a06fe8e6b"),CZ4024, CRYPTOGRAPHY & NETWORK SECURITY ,Tue Apr 14 2020,1230,LT10,1130,TUT,N1902368K
ObjectId("5e7220d8ff225e9a06fe8e6f"),CZ4024, CRYPTOGRAPHY & NETWORK SECURITY ,Thu Jan 23 2020,1630,LT10,1530,LEC/STUDIO,N1902368K
ObjectId("5e7220d8ff225e9a06fe8e70"),CZ4024, CRYPTOGRAPHY & NETWORK SECURITY ,Thu Jan 16 2020,1630,LT10,1530,LEC/STUDIO,N1902368K
ObjectId("5e7220d8ff225e9a06fe8e72"),CZ4024, CRYPTOGRAPHY & NETWORK SECURITY ,Thu Feb 06 2020,1630,LT10,1530,LEC/STUDIO,N1902368K
ObjectId("5e7220d8ff225e9a06fe8e74"),CZ4024, CRYPTOGRAPHY & NETWORK SECURITY ,Thu Jan 30 2020,1630,LT10,1530,LEC/STUDIO,N1902368K
ObjectId("5e7220d8ff225e9a06fe8e76"),CZ4024, CRYPTOGRAPHY & NETWORK SECURITY ,Thu Feb 13 2020,1630,LT10,1530,LEC/STUDIO,N1902368K
ObjectId("5e7220d8ff225e9a06fe8e77"),CZ4024, CRYPTOGRAPHY & NETWORK SECURITY ,Thu Feb 20 2020,1630,LT10,1530,LEC/STUDIO,N1902368K
ObjectId("5e7220d8ff225e9a06fe8e78"),CZ4024, CRYPTOGRAPHY & NETWORK SECURITY ,Thu Feb 27 2020,1630,LT10,1530,LEC/STUDIO,N1902368K
ObjectId("5e7220d8ff225e9a06fe8e7b"),CZ4024, CRYPTOGRAPHY & NETWORK SECURITY ,Thu Mar 12 2020,1630,LT10,1530,LEC/STUDIO,N1902368K
ObjectId("5e7220d8ff225e9a06fe8e7d"),CZ4024, CRYPTOGRAPHY & NETWORK SECURITY ,Thu Mar 19 2020,1630,LT10,1530,LEC/STUDIO,N1902368K
ObjectId("5e7220d8ff225e9a06fe8e7e"),CZ4024, CRYPTOGRAPHY & NETWORK SECURITY ,Thu Mar 26 2020,1630,LT10,1530,LEC/STUDIO,N1902368K
ObjectId("5e7220d8ff225e9a06fe8e82"),CZ4024, CRYPTOGRAPHY & NETWORK SECURITY ,Thu Apr 09 2020,1630,LT10,1530,LEC/STUDIO,N1902368K
ObjectId("5e7220d8ff225e9a06fe8e84"),CZ4024, CRYPTOGRAPHY & NETWORK SECURITY ,Thu Apr 02 2020,1630,LT10,1530,LEC/STUDIO,N1902368K
ObjectId("5e7220d8ff225e9a06fe8e85"),CZ4024, CRYPTOGRAPHY & NETWORK SECURITY ,Thu Apr 16 2020,1630,LT10,1530,LEC/STUDIO,N1902368K
ObjectId("5e7220d8ff225e9a06fe8e87"),CZ4024, CRYPTOGRAPHY & NETWORK SECURITY ,Thu Jan 23 2020,1730,LT10,1630,LEC/STUDIO,N1902368K
ObjectId("5e7220d8ff225e9a06fe8e89"),CZ4024, CRYPTOGRAPHY & NETWORK SECURITY ,Thu Jan 16 2020,1730,LT10,1630,LEC/STUDIO,N1902368K
ObjectId("5e7220d8ff225e9a06fe8e8c"),CZ4024, CRYPTOGRAPHY & NETWORK SECURITY ,Thu Feb 06 2020,1730,LT10,1630,LEC/STUDIO,N1902368K
ObjectId("5e7220d8ff225e9a06fe8e8d"),CZ4024, CRYPTOGRAPHY & NETWORK SECURITY ,Thu Jan 30 2020,1730,LT10,1630,LEC/STUDIO,N1902368K
ObjectId("5e7220d8ff225e9a06fe8e8f"),CZ4024, CRYPTOGRAPHY & NETWORK SECURITY ,Thu Feb 13 2020,1730,LT10,1630,LEC/STUDIO,N1902368K
ObjectId("5e7220d8ff225e9a06fe8e92"),CZ4024, CRYPTOGRAPHY & NETWORK SECURITY ,Thu Feb 20 2020,1730,LT10,1630,LEC/STUDIO,N1902368K
ObjectId("5e7220d8ff225e9a06fe8e93"),CZ4024, CRYPTOGRAPHY & NETWORK SECURITY ,Thu Feb 27 2020,1730,LT10,1630,LEC/STUDIO,N1902368K
ObjectId("5e7220d8ff225e9a06fe8e96"),CZ4024, CRYPTOGRAPHY & NETWORK SECURITY ,Thu Mar 19 2020,1730,LT10,1630,LEC/STUDIO,N1902368K
ObjectId("5e7220d8ff225e9a06fe8e98"),CZ4024, CRYPTOGRAPHY & NETWORK SECURITY ,Thu Mar 12 2020,1730,LT10,1630,LEC/STUDIO,N1902368K
ObjectId("5e7220d8ff225e9a06fe8e99"),CZ4024, CRYPTOGRAPHY & NETWORK SECURITY ,Thu Mar 26 2020,1730,LT10,1630,LEC/STUDIO,N1902368K
ObjectId("5e7220d8ff225e9a06fe8e9b"),CZ4024, CRYPTOGRAPHY & NETWORK SECURITY ,Thu Apr 02 2020,1730,LT10,1630,LEC/STUDIO,N1902368K
ObjectId("5e7220d8ff225e9a06fe8e9d"),CZ4024, CRYPTOGRAPHY & NETWORK SECURITY ,Thu Apr 09 2020,1730,LT10,1630,LEC/STUDIO,N1902368K
ObjectId("5e7220d8ff225e9a06fe8ea0"),CZ2007, INTRODUCTION TO DATABASES ,Tue Jan 21 2020,1430,TR+9,1330,TUT,N1902368K
ObjectId("5e7220d8ff225e9a06fe8ea1"),CZ4024, CRYPTOGRAPHY & NETWORK SECURITY ,Thu Apr 16 2020,1730,LT10,1630,LEC/STUDIO,N1902368K
ObjectId("5e7220d8ff225e9a06fe8ea3"),CZ2007, INTRODUCTION TO DATABASES ,Tue Jan 28 2020,1430,TR+9,1330,TUT,N1902368K
ObjectId("5e7220d8ff225e9a06fe8ea5"),CZ2007, INTRODUCTION TO DATABASES ,Tue Feb 11 2020,1430,TR+9,1330,TUT,N1902368K
ObjectId("5e7220d8ff225e9a06fe8ea7"),CZ2007, INTRODUCTION TO DATABASES ,Tue Feb 04 2020,1430,TR+9,1330,TUT,N1902368K
ObjectId("5e7220d8ff225e9a06fe8ea8"),CZ2007, INTRODUCTION TO DATABASES ,Tue Feb 18 2020,1430,TR+9,1330,TUT,N1902368K
ObjectId("5e7220d8ff225e9a06fe8eab"),CZ2007, INTRODUCTION TO DATABASES ,Tue Feb 25 2020,1430,TR+9,1330,TUT,N1902368K
ObjectId("5e7220d8ff225e9a06fe8eae"),CZ2007, INTRODUCTION TO DATABASES ,Tue Mar 10 2020,1430,TR+9,1330,TUT,N1902368K
ObjectId("5e7220d8ff225e9a06fe8eaf"),CZ2007, INTRODUCTION TO DATABASES ,Tue Mar 17 2020,1430,TR+9,1330,TUT,N1902368K
ObjectId("5e7220d8ff225e9a06fe8eb2"),CZ2007, INTRODUCTION TO DATABASES ,Tue Mar 24 2020,1430,TR+9,1330,TUT,N1902368K
ObjectId("5e7220d8ff225e9a06fe8eb4"),CZ2007, INTRODUCTION TO DATABASES ,Tue Mar 31 2020,1430,TR+9,1330,TUT,N1902368K
ObjectId("5e7220d8ff225e9a06fe8eb6"),CZ2007, INTRODUCTION TO DATABASES ,Tue Apr 07 2020,1430,TR+9,1330,TUT,N1902368K
ObjectId("5e7220d8ff225e9a06fe8eb8"),CZ2007, INTRODUCTION TO DATABASES ,Tue Apr 14 2020,1430,TR+9,1330,TUT,N1902368K
ObjectId("5e7220d8ff225e9a06fe8eba"),CZ2007, INTRODUCTION TO DATABASES ,Mon Jan 20 2020,1230,SWLAB3,1030,LAB,N1902368K
ObjectId("5e7220d8ff225e9a06fe8ebb"),CZ2007, INTRODUCTION TO DATABASES ,Mon Feb 03 2020,1230,SWLAB3,1030,LAB,N1902368K
ObjectId("5e7220d8ff225e9a06fe8ebd"),CZ2007, INTRODUCTION TO DATABASES ,Mon Feb 17 2020,1230,SWLAB3,1030,LAB,N1902368K
ObjectId("5e7220d8ff225e9a06fe8ec0"),CZ2007, INTRODUCTION TO DATABASES ,Mon Mar 23 2020,1230,SWLAB3,1030,LAB,N1902368K
ObjectId("5e7220d8ff225e9a06fe8ec1"),CZ2007, INTRODUCTION TO DATABASES ,Mon Mar 09 2020,1230,SWLAB3,1030,LAB,N1902368K
ObjectId("5e7220d8ff225e9a06fe8ec3"),CZ2007, INTRODUCTION TO DATABASES ,Mon Apr 06 2020,1230,SWLAB3,1030,LAB,N1902368K
ObjectId("5e7220d8ff225e9a06fe8ec5"),CZ2007, INTRODUCTION TO DATABASES ,Thu Jan 16 2020,1330,LT10,1230,LEC/STUDIO,N1902368K
ObjectId("5e7220d8ff225e9a06fe8ec8"),CZ2007, INTRODUCTION TO DATABASES ,Thu Jan 30 2020,1330,LT10,1230,LEC/STUDIO,N1902368K
ObjectId("5e7220d8ff225e9a06fe8eca"),CZ2007, INTRODUCTION TO DATABASES ,Thu Jan 23 2020,1330,LT10,1230,LEC/STUDIO,N1902368K
ObjectId("5e7220d8ff225e9a06fe8ecb"),CZ2007, INTRODUCTION TO DATABASES ,Thu Feb 06 2020,1330,LT10,1230,LEC/STUDIO,N1902368K
ObjectId("5e7220d8ff225e9a06fe8ece"),CZ2007, INTRODUCTION TO DATABASES ,Thu Feb 20 2020,1330,LT10,1230,LEC/STUDIO,N1902368K
ObjectId("5e7220d8ff225e9a06fe8ecf"),CZ2007, INTRODUCTION TO DATABASES ,Thu Feb 13 2020,1330,LT10,1230,LEC/STUDIO,N1902368K
ObjectId("5e7220d8ff225e9a06fe8ed2"),CZ2007, INTRODUCTION TO DATABASES ,Thu Mar 12 2020,1330,LT10,1230,LEC/STUDIO,N1902368K
ObjectId("5e7220d8ff225e9a06fe8ed3"),CZ2007, INTRODUCTION TO DATABASES ,Thu Feb 27 2020,1330,LT10,1230,LEC/STUDIO,N1902368K
ObjectId("5e7220d8ff225e9a06fe8ed5"),CZ2007, INTRODUCTION TO DATABASES ,Thu Mar 19 2020,1330,LT10,1230,LEC/STUDIO,N1902368K
ObjectId("5e7220d8ff225e9a06fe8ed8"),CZ2007, INTRODUCTION TO DATABASES ,Thu Apr 02 2020,1330,LT10,1230,LEC/STUDIO,N1902368K
ObjectId("5e7220d8ff225e9a06fe8ed9"),CZ2007, INTRODUCTION TO DATABASES ,Thu Mar 26 2020,1330,LT10,1230,LEC/STUDIO,N1902368K
ObjectId("5e7220d8ff225e9a06fe8edd"),CZ2007, INTRODUCTION TO DATABASES ,Thu Apr 16 2020,1330,LT10,1230,LEC/STUDIO,N1902368K
ObjectId("5e7220d8ff225e9a06fe8ede"),CZ2007, INTRODUCTION TO DATABASES ,Thu Apr 09 2020,1330,LT10,1230,LEC/STUDIO,N1902368K
ObjectId("5e7220d8ff225e9a06fe8ee0"),CZ2007, INTRODUCTION TO DATABASES ,Mon Jan 13 2020,1430,LT11,1330,LEC/STUDIO,N1902368K
ObjectId("5e7220d8ff225e9a06fe8ee3"),CZ2007, INTRODUCTION TO DATABASES ,Mon Jan 20 2020,1430,LT11,1330,LEC/STUDIO,N1902368K
ObjectId("5e7220d8ff225e9a06fe8ee4"),CZ2007, INTRODUCTION TO DATABASES ,Mon Jan 27 2020,1430,LT11,1330,LEC/STUDIO,N1902368K
ObjectId("5e7220d8ff225e9a06fe8ee7"),CZ2007, INTRODUCTION TO DATABASES ,Mon Feb 03 2020,1430,LT11,1330,LEC/STUDIO,N1902368K
ObjectId("5e7220d8ff225e9a06fe8ee9"),CZ2007, INTRODUCTION TO DATABASES ,Mon Feb 17 2020,1430,LT11,1330,LEC/STUDIO,N1902368K
ObjectId("5e7220d8ff225e9a06fe8eea"),CZ2007, INTRODUCTION TO DATABASES ,Mon Feb 10 2020,1430,LT11,1330,LEC/STUDIO,N1902368K
ObjectId("5e7220d8ff225e9a06fe8eeb"),CZ2007, INTRODUCTION TO DATABASES ,Mon Feb 24 2020,1430,LT11,1330,LEC/STUDIO,N1902368K
ObjectId("5e7220d8ff225e9a06fe8eed"),CZ2007, INTRODUCTION TO DATABASES ,Mon Mar 09 2020,1430,LT11,1330,LEC/STUDIO,N1902368K
ObjectId("5e7220d8ff225e9a06fe8ef0"),CZ2007, INTRODUCTION TO DATABASES ,Mon Mar 23 2020,1430,LT11,1330,LEC/STUDIO,N1902368K
ObjectId("5e7220d8ff225e9a06fe8ef1"),CZ2007, INTRODUCTION TO DATABASES ,Mon Mar 16 2020,1430,LT11,1330,LEC/STUDIO,N1902368K
ObjectId("5e7220d8ff225e9a06fe8ef4"),CZ2007, INTRODUCTION TO DATABASES ,Mon Apr 06 2020,1430,LT11,1330,LEC/STUDIO,N1902368K
ObjectId("5e7220d8ff225e9a06fe8ef6"),CZ2007, INTRODUCTION TO DATABASES ,Mon Mar 30 2020,1430,LT11,1330,LEC/STUDIO,N1902368K
ObjectId("5e7220d8ff225e9a06fe8ef7"),CZ2007, INTRODUCTION TO DATABASES ,Mon Apr 13 2020,1430,LT11,1330,LEC/STUDIO,N1902368K
ObjectId("5e7220d8ff225e9a06fe8efa"),CZ3005, ARTIFICIAL INTELLIGENCE ,Fri Jan 24 2020,1630,TR+9,1530,TUT,N1902368K
ObjectId("5e7220d8ff225e9a06fe8efc"),CZ3005, ARTIFICIAL INTELLIGENCE ,Fri Jan 31 2020,1630,TR+9,1530,TUT,N1902368K
ObjectId("5e7220d8ff225e9a06fe8efd"),CZ3005, ARTIFICIAL INTELLIGENCE ,Fri Feb 07 2020,1630,TR+9,1530,TUT,N1902368K
ObjectId("5e7220d8ff225e9a06fe8f00"),CZ3005, ARTIFICIAL INTELLIGENCE ,Fri Feb 21 2020,1630,TR+9,1530,TUT,N1902368K
ObjectId("5e7220d8ff225e9a06fe8f01"),CZ3005, ARTIFICIAL INTELLIGENCE ,Fri Feb 14 2020,1630,TR+9,1530,TUT,N1902368K
ObjectId("5e7220d8ff225e9a06fe8f03"),CZ3005, ARTIFICIAL INTELLIGENCE ,Fri Feb 28 2020,1630,TR+9,1530,TUT,N1902368K
ObjectId("5e7220d8ff225e9a06fe8f05"),CZ3005, ARTIFICIAL INTELLIGENCE ,Fri Mar 13 2020,1630,TR+9,1530,TUT,N1902368K
ObjectId("5e7220d8ff225e9a06fe8f07"),CZ3005, ARTIFICIAL INTELLIGENCE ,Fri Mar 20 2020,1630,TR+9,1530,TUT,N1902368K
ObjectId("5e7220d8ff225e9a06fe8f09"),CZ3005, ARTIFICIAL INTELLIGENCE ,Fri Mar 27 2020,1630,TR+9,1530,TUT,N1902368K
ObjectId("5e7220d8ff225e9a06fe8f0e"),CZ3005, ARTIFICIAL INTELLIGENCE ,Fri Apr 03 2020,1630,TR+9,1530,TUT,N1902368K
ObjectId("5e7220d8ff225e9a06fe8f0f"),CZ3005, ARTIFICIAL INTELLIGENCE ,Fri Apr 10 2020,1630,TR+9,1530,TUT,N1902368K
ObjectId("5e7220d8ff225e9a06fe8f10"),CZ3005, ARTIFICIAL INTELLIGENCE ,Fri Apr 17 2020,1630,TR+9,1530,TUT,N1902368K
ObjectId("5e7220d8ff225e9a06fe8f12"),CZ3005, ARTIFICIAL INTELLIGENCE ,Wed Jan 15 2020,1230,SWLAB1,1030,LAB,N1902368K
ObjectId("5e7220d8ff225e9a06fe8f15"),CZ3005, ARTIFICIAL INTELLIGENCE ,Wed Jan 29 2020,1230,SWLAB1,1030,LAB,N1902368K
ObjectId("5e7220d8ff225e9a06fe8f16"),CZ3005, ARTIFICIAL INTELLIGENCE ,Wed Feb 12 2020,1230,SWLAB1,1030,LAB,N1902368K
ObjectId("5e7220d8ff225e9a06fe8f19"),CZ3005, ARTIFICIAL INTELLIGENCE ,Wed Mar 18 2020,1230,SWLAB1,1030,LAB,N1902368K
ObjectId("5e7220d8ff225e9a06fe8f1a"),CZ3005, ARTIFICIAL INTELLIGENCE ,Wed Feb 26 2020,1230,SWLAB1,1030,LAB,N1902368K
ObjectId("5e7220d8ff225e9a06fe8f1b"),CZ3005, ARTIFICIAL INTELLIGENCE ,Wed Apr 01 2020,1230,SWLAB1,1030,LAB,N1902368K
ObjectId("5e7220d8ff225e9a06fe8f1e"),CZ3005, ARTIFICIAL INTELLIGENCE ,Thu Jan 16 2020,1430,LT2A,1330,LEC/STUDIO,N1902368K
ObjectId("5e7220d8ff225e9a06fe8f20"),CZ3005, ARTIFICIAL INTELLIGENCE ,Wed Apr 15 2020,1230,SWLAB1,1030,LAB,N1902368K
ObjectId("5e7220d8ff225e9a06fe8f22"),CZ3005, ARTIFICIAL INTELLIGENCE ,Thu Jan 30 2020,1430,LT2A,1330,LEC/STUDIO,N1902368K
ObjectId("5e7220d8ff225e9a06fe8f24"),CZ3005, ARTIFICIAL INTELLIGENCE ,Thu Jan 23 2020,1430,LT2A,1330,LEC/STUDIO,N1902368K
ObjectId("5e7220d8ff225e9a06fe8f25"),CZ3005, ARTIFICIAL INTELLIGENCE ,Thu Feb 06 2020,1430,LT2A,1330,LEC/STUDIO,N1902368K
ObjectId("5e7220d8ff225e9a06fe8f28"),CZ3005, ARTIFICIAL INTELLIGENCE ,Thu Feb 20 2020,1430,LT2A,1330,LEC/STUDIO,N1902368K
ObjectId("5e7220d8ff225e9a06fe8f2a"),CZ3005, ARTIFICIAL INTELLIGENCE ,Thu Feb 13 2020,1430,LT2A,1330,LEC/STUDIO,N1902368K
ObjectId("5e7220d8ff225e9a06fe8f2c"),CZ3005, ARTIFICIAL INTELLIGENCE ,Thu Mar 12 2020,1430,LT2A,1330,LEC/STUDIO,N1902368K
ObjectId("5e7220d8ff225e9a06fe8f2e"),CZ3005, ARTIFICIAL INTELLIGENCE ,Thu Feb 27 2020,1430,LT2A,1330,LEC/STUDIO,N1902368K
ObjectId("5e7220d8ff225e9a06fe8f30"),CZ3005, ARTIFICIAL INTELLIGENCE ,Thu Mar 19 2020,1430,LT2A,1330,LEC/STUDIO,N1902368K
ObjectId("5e7220d8ff225e9a06fe8f32"),CZ3005, ARTIFICIAL INTELLIGENCE ,Thu Mar 26 2020,1430,LT2A,1330,LEC/STUDIO,N1902368K
ObjectId("5e7220d8ff225e9a06fe8f34"),CZ3005, ARTIFICIAL INTELLIGENCE ,Thu Apr 02 2020,1430,LT2A,1330,LEC/STUDIO,N1902368K
ObjectId("5e7220d8ff225e9a06fe8f37"),CZ3005, ARTIFICIAL INTELLIGENCE ,Thu Apr 16 2020,1430,LT2A,1330,LEC/STUDIO,N1902368K
ObjectId("5e7220d8ff225e9a06fe8f39"),CZ3005, ARTIFICIAL INTELLIGENCE ,Mon Jan 13 2020,1830,LT1,1730,LEC/STUDIO,N1902368K
ObjectId("5e7220d8ff225e9a06fe8f3a"),CZ3005, ARTIFICIAL INTELLIGENCE ,Thu Apr 09 2020,1430,LT2A,1330,LEC/STUDIO,N1902368K
ObjectId("5e7220d8ff225e9a06fe8f3b"),CZ3005, ARTIFICIAL INTELLIGENCE ,Mon Jan 27 2020,1830,LT1,1730,LEC/STUDIO,N1902368K
ObjectId("5e7220d8ff225e9a06fe8f3e"),CZ3005, ARTIFICIAL INTELLIGENCE ,Mon Jan 20 2020,1830,LT1,1730,LEC/STUDIO,N1902368K
ObjectId("5e7220d8ff225e9a06fe8f40"),CZ3005, ARTIFICIAL INTELLIGENCE ,Mon Feb 10 2020,1830,LT1,1730,LEC/STUDIO,N1902368K
ObjectId("5e7220d8ff225e9a06fe8f42"),CZ3005, ARTIFICIAL INTELLIGENCE ,Mon Feb 17 2020,1830,LT1,1730,LEC/STUDIO,N1902368K
ObjectId("5e7220d8ff225e9a06fe8f43"),CZ3005, ARTIFICIAL INTELLIGENCE ,Mon Feb 03 2020,1830,LT1,1730,LEC/STUDIO,N1902368K
ObjectId("5e7220d8ff225e9a06fe8f46"),CZ3005, ARTIFICIAL INTELLIGENCE ,Mon Mar 09 2020,1830,LT1,1730,LEC/STUDIO,N1902368K
ObjectId("5e7220d8ff225e9a06fe8f48"),CZ3005, ARTIFICIAL INTELLIGENCE ,Mon Feb 24 2020,1830,LT1,1730,LEC/STUDIO,N1902368K
ObjectId("5e7220d8ff225e9a06fe8f4b"),CZ3005, ARTIFICIAL INTELLIGENCE ,Mon Mar 16 2020,1830,LT1,1730,LEC/STUDIO,N1902368K
ObjectId("5e7220d8ff225e9a06fe8f4c"),CZ3005, ARTIFICIAL INTELLIGENCE ,Mon Mar 23 2020,1830,LT1,1730,LEC/STUDIO,N1902368K
ObjectId("5e7220d8ff225e9a06fe8f4e"),CZ3005, ARTIFICIAL INTELLIGENCE ,Mon Mar 30 2020,1830,LT1,1730,LEC/STUDIO,N1902368K
ObjectId("5e7220d8ff225e9a06fe8f50"),CZ3005, ARTIFICIAL INTELLIGENCE ,Mon Apr 06 2020,1830,LT1,1730,LEC/STUDIO,N1902368K
ObjectId("5e7220d8ff225e9a06fe8f51"),CZ3005, ARTIFICIAL INTELLIGENCE ,Mon Apr 13 2020,1830,LT1,1730,LEC/STUDIO,N1902368K
